<?xml version="1.0"?>
<!-- ===================================================================== -->
<!-- Easy Search Facets Configuration                                      -->
<!-- ===================================================================== -->
<Facets>
	
	<DataClassFacet>Y</DataClassFacet>
	<GlobalIndexFacet>Y</GlobalIndexFacet>
	
	<Media>
		<Duration type="range" on="duration" size="300000" />
		<Keyword type="terms" on="keyword" />
		<MediaSize type="range" on="docsize" size="52428800" />
	</Media>

	<Social>
		<SocialSource type="terms" on="recordsource" />
		<Category type="terms" on="category" />
	</Social>

	<Document>
		<Keyword type="terms" on="keyword" />
		<DocumentType type="terms" on="doctype" />
		<DocSize type="range" on="docsize" size="1000" />
		<RecordType type="terms" on="recordtype" />
	</Document>
	
    <Folder>
		<Keyword type="terms" on="keyword" />
		<FolderType type="terms" on="foldertype"/>
		<SubFolders type="range" on="subfolders" size="30" />
		<Documents type="range" on="documents" size="100" />
	</Folder>

    <All>
		<ObjectType type="terms" on="objecttype" />
		<Keyword type="terms" on="keyword" />
		<DocumentType type="terms" on="doctype" />
		<Size type="range" on="docsize" size="1000" />
		<DocSource type="terms" on="docSource" />
		<RecordType type="terms" on="recordtype" />
	</All>
	
	<AWSElasticSearch value= "false">
		<AWSESDomainURL>domainurl</AWSESDomainURL> 
		<AWSAccessKey>accesskey</AWSAccessKey>		
		<AWSSecretKey>secretkey</AWSSecretKey>
		<AWSRegion>region</AWSRegion>
	</AWSElasticSearch> 
	
	<ElasticSearch>
		<ESIPAddress>127.0.0.1</ESIPAddress> <!--Adress of ElasticSearch Server -->
		<ESPort>9200</ESPort> <!--Port ElasticSearch Server running on -->
	<ESClusterName>revampcabnew_cluster</ESClusterName> <!-- Name of your cluster -->
	</ElasticSearch>
	
	<ESAnalyzerName>ES_stop_analyzer</ESAnalyzerName> <!-- Name of analyzer -->
	<ESFetchResultsSize>1000</ESFetchResultsSize> <!-- Batch size of data to be fetched from elastic server at a time -->
</Facets>
